Gabriel,Graves,gabriel.graves@example.com,0715211288,1,1,4
Katie,Hart,katie.hart@example.com,0762407751,1,1,4
Rosalyn,Weaver,rosalyn.weaver@example.com,0797227133,1,1,4
Daniel,Pearson,daniel.pearson@example.com,0719764699,1,1,4
Zander,Hamilton,zander.hamilton@example.com,0766984624,1,1,4
Heather,Porter,heather.porter@example.com,0756126439,1,1,4
Dylan,Little,dylan.little@example.com,0727886927,1,1,4
Martha,Watson,martha.watson@example.com,0791532023,1,1,4
Mason,Hernandez,mason.hernandez@example.com,0747785308,1,1,4
Maddison,Garcia,maddison.garcia@example.com,0771736446,1,1,4
Dean,Little,dean.little@example.com,0706547514,1,1,4
Diane,Marshall,diane.marshall@example.com,0730897830,1,1,4
Susan,Dixon,susan.dixon@example.com,0764336352,1,1,4
Alison,Rice,alison.rice@example.com,0757136250,1,1,4
Philip,Horton,philip.horton@example.com,0702068082,1,1,4
Sharon,Harrison,sharon.harrison@example.com,0737540467,1,1,4
Abigail,Watkins,abigail.watkins@example.com,0742068700,1,1,4
Ricardo,Walker,ricardo.walker@example.com,0795424198,1,1,4
Jackson,Allen,jackson.allen@example.com,0740707284,1,1,4
Danielle,Jenkins,danielle.jenkins@example.com,0706966698,1,1,4
Richard,Hoffman,richard.hoffman@example.com,0794474190,1,1,4
Sam,Jacobs,sam.jacobs@example.com,0778980931,1,1,4
Sophie,Hayes,sophie.hayes@example.com,0742336613,1,1,4
Elizabeth,Caldwell,elizabeth.caldwell@example.com,0769967865,1,1,4
Virgil,Andrews,virgil.andrews@example.com,0744449762,1,1,4
Ross,James,ross.james@example.com,0781753402,1,1,4
Alex,Carroll,alex.carroll@example.com,0769454274,1,1,4
Bob,Taylor,bob.taylor@example.com,0764392184,1,1,4
Carolyn,Riley,carolyn.riley@example.com,0752387532,1,1,4
Victoria,Watson,victoria.watson@example.com,0767161549,1,1,4